client_key,enrollment_status,preferred_language,is_active,enrolled_date
ANON-DD001671,active,en,1,2026-09-18
ANON-3A236BF4,active,en,1,2026-09-18
ANON-229421A2,active,en,1,2026-07-13
ANON-118C6EFE,inactive,en,0,2026-06-20
ANON-F5EC4FC5,active,en,1,2026-08-02
ANON-F9029CD0,active,fr,1,2026-05-29
ANON-2C6607D4,active,en,1,2026-09-02
ANON-C1359A00,active,en,1,2026-08-09
ANON-D0A0D3E8,active,en,1,2026-07-25
ANON-56A53EF6,active,en,1,2026-09-01
ANON-257A18D7,active,fr,1,2026-07-03
ANON-C70DECBE,active,en,1,2026-07-29
ANON-669022AE,active,fr,1,2026-07-18
ANON-308D95E0,active,en,1,2026-08-16
ANON-AE0F568F,inactive,es,0,2026-07-27
ANON-D81449F9,active,en,1,2026-07-20
ANON-3E35047E,active,fr,1,2026-06-04
ANON-C629E20A,active,fr,1,2026-08-16
ANON-AC5FAEAD,active,en,1,2026-08-03
ANON-ED865047,active,en,1,2026-06-01
ANON-A4179A7D,active,en,1,2026-08-25
ANON-F576CF3C,active,es,1,2026-05-24
ANON-0F586A28,active,en,1,2026-07-24
ANON-D838387B,active,en,1,2026-08-08
ANON-4DFAF53F,active,en,1,2026-05-23
ANON-10A73A8B,active,en,1,2026-06-14
ANON-190F66DD,active,es,1,2026-07-22
ANON-37240C32,inactive,es,0,2026-07-06
ANON-D62A6003,active,en,1,2026-08-24
ANON-EEDDAA47,active,en,1,2026-08-22
ANON-B0A242FC,active,es,1,2026-07-15
ANON-8F01DEB0,active,es,1,2026-06-28
ANON-D6F5144C,active,fr,1,2026-05-21
ANON-15D3B0A2,active,en,1,2026-07-02
ANON-A811C0D7,active,fr,1,2026-06-11
ANON-085C3C3A,active,fr,1,2026-07-08
ANON-12F7F8D7,active,en,1,2026-06-06
ANON-36C7D3F1,active,en,1,2026-05-27
ANON-14A907F1,active,fr,1,2026-06-14
ANON-564B9C41,inactive,en,0,2026-07-06
ANON-21609F5B,active,en,1,2026-08-14
ANON-90348246,active,en,1,2026-07-26
ANON-CE864168,active,en,1,2026-07-11
ANON-0253700F,inactive,es,0,2026-06-25
ANON-93570E71,active,es,1,2026-08-17
ANON-DB027207,active,en,1,2026-05-25
ANON-6D560816,active,en,1,2026-05-23
ANON-B8B69EEC,active,en,1,2026-08-19
ANON-9952019B,active,es,1,2026-05-27
ANON-2C582F5D,active,es,1,2026-08-09
ANON-E72A5E9D,active,es,1,2026-06-17
ANON-F5FE7D5B,active,fr,1,2026-07-20
ANON-1C01F1D3,active,en,1,2026-08-17
ANON-7A21B250,active,en,1,2026-08-16
ANON-04657C65,active,en,1,2026-06-04
ANON-9CA20B0F,active,es,1,2026-06-14
ANON-29CF1308,active,en,1,2026-08-06
ANON-CECCA29F,inactive,es,0,2026-08-24
ANON-3ED1BF95,active,fr,1,2026-08-25
ANON-6AB59ABB,active,fr,1,2026-07-07
ANON-7EB9DA7F,active,fr,1,2026-06-12
ANON-D7F2B068,active,es,1,2026-09-02
ANON-985F0AAE,active,es,1,2026-05-31
ANON-105DFA8F,active,en,1,2026-05-23
ANON-FB1C4ACC,active,en,1,2026-06-29
ANON-2D4256AA,active,en,1,2026-06-29
ANON-EFBC8C51,active,en,1,2026-07-05
ANON-6731A8FF,active,fr,1,2026-07-18
ANON-5A25B632,inactive,en,0,2026-08-07
ANON-1261A2DA,active,en,1,2026-08-24
ANON-5F8B5D8C,active,fr,1,2026-08-05
ANON-9EAD11D8,active,fr,1,2026-09-04
ANON-BAB0DDB8,active,fr,1,2026-08-03
ANON-54153672,active,es,1,2026-07-19
ANON-D306F22F,active,en,1,2026-05-28
ANON-CB97880C,active,en,1,2026-07-14
ANON-2F5A2531,active,en,1,2026-07-09
ANON-A1989BED,inactive,en,0,2026-07-10
ANON-B1B7A1AF,active,en,1,2026-05-22
ANON-6F4263F5,active,es,1,2026-07-31
ANON-A3A35DB8,inactive,es,0,2026-08-09
ANON-FF0A02EA,active,fr,1,2026-07-17
ANON-29503A7E,active,en,1,2026-08-26
ANON-D72F4E32,active,fr,1,2026-08-31
ANON-30964B73,active,en,1,2026-07-04
ANON-18C9A782,active,fr,1,2026-07-16
ANON-7855A88B,inactive,en,0,2026-06-23
ANON-431E4655,active,en,1,2026-08-06
ANON-BBE7E098,active,es,1,2026-05-25
ANON-1816E093,active,en,1,2026-06-11
ANON-BF046FF9,inactive,es,0,2026-07-16
ANON-EDE456D2,active,fr,1,2026-07-01
ANON-0778DF09,active,en,1,2026-06-09
ANON-BB99AA30,active,es,1,2026-09-03
ANON-66E054AB,active,en,1,2026-08-21
ANON-983C6893,active,en,1,2026-08-11
ANON-92EA9DA3,active,fr,1,2026-07-03
ANON-3FB07148,active,es,1,2026-06-17
ANON-2A0C6EA3,active,en,1,2026-09-02
ANON-15E08B3D,active,en,1,2026-07-03
ANON-A0609DD7,active,en,1,2026-07-19
ANON-9F9EF7DF,active,es,1,2026-06-30
